{"cameraMode":{"drawMode":0,"name":"Shaded","section":"Shading Mode"},"sceneLighting":true,"audioPlay":false,"sceneViewState":{"showFog":true,"showMaterialUpdate":false,"showSkybox":true,"showFlares":true,"showImageEffects":true,"showParticleSystems":true},"in2DMode":false,"pivot":{"x":1.9660751819610596,"y":1.6100130081176758,"z":3.0807738304138185},"rotation":{"x":-0.02309444732964039,"y":0.01920597441494465,"z":-0.00044391388655640185,"w":-0.9995487332344055},"size":4.697620391845703,"orthographic":true}