{"cameraMode":{"drawMode":0,"name":"Shaded","section":"Shading Mode"},"sceneLighting":true,"audioPlay":false,"sceneViewState":{"showFog":true,"showMaterialUpdate":false,"showSkybox":true,"showFlares":true,"showImageEffects":true,"showParticleSystems":true},"in2DMode":false,"pivot":{"x":-0.8179305791854858,"y":0.7647846937179565,"z":2.289315938949585},"rotation":{"x":-0.023068347945809366,"y":-0.05125157907605171,"z":0.0011840008664876223,"w":-0.9984186291694641},"size":3.129347562789917,"orthographic":true}