{"cameraMode":{"drawMode":0,"name":"Shaded","section":"Shading Mode"},"sceneLighting":true,"audioPlay":false,"sceneViewState":{"showFog":true,"showMaterialUpdate":false,"showSkybox":true,"showFlares":true,"showImageEffects":true,"showParticleSystems":true},"in2DMode":false,"pivot":{"x":-5.829999923706055,"y":0.7559999823570252,"z":-1.5570000410079957},"rotation":{"x":0.2717885971069336,"y":-0.37510278820991518,"z":0.11603284627199173,"w":0.8786154985427856},"size":13.206561088562012,"orthographic":true}