{"cameraMode":{"drawMode":0,"name":"Shaded","section":"Shading Mode"},"sceneLighting":false,"audioPlay":false,"sceneViewState":{"showFog":true,"showMaterialUpdate":false,"showSkybox":true,"showFlares":true,"showImageEffects":true,"showParticleSystems":true},"in2DMode":false,"pivot":{"x":-15.279999732971192,"y":-0.9399999976158142,"z":9.1899995803833},"rotation":{"x":-0.000466620025690645,"y":0.9928010702133179,"z":-0.11971153318881989,"w":-0.003870565677061677},"size":2.6797802448272707,"orthographic":false}