{"cameraMode":{"drawMode":0,"name":"Shaded","section":"Shading Mode"},"sceneLighting":true,"audioPlay":false,"sceneViewState":{"showFog":true,"showMaterialUpdate":false,"showSkybox":true,"showFlares":true,"showImageEffects":true,"showParticleSystems":true},"in2DMode":false,"pivot":{"x":-3.9900002479553224,"y":3.5708885192871095,"z":1.8799999952316285},"rotation":{"x":0.19376181066036225,"y":-0.00735815241932869,"z":0.001453160890378058,"w":0.981019914150238},"size":2.849510669708252,"orthographic":true}