{"cameraMode":{"drawMode":0,"name":"Shaded","section":"Shading Mode"},"sceneLighting":true,"audioPlay":false,"sceneViewState":{"showFog":true,"showMaterialUpdate":false,"showSkybox":true,"showFlares":true,"showImageEffects":true,"showParticleSystems":true},"in2DMode":false,"pivot":{"x":-0.8238784074783325,"y":-1.994508981704712,"z":-4.278222560882568},"rotation":{"x":-0.010580732487142086,"y":0.904811441898346,"z":-0.42508503794670107,"w":-0.022518524900078775},"size":3.6292927265167238,"orthographic":true}