{"cameraMode":{"drawMode":0,"name":"Shaded","section":"Shading Mode"},"sceneLighting":false,"audioPlay":false,"sceneViewState":{"showFog":true,"showMaterialUpdate":false,"showSkybox":true,"showFlares":true,"showImageEffects":true,"showParticleSystems":true},"in2DMode":false,"pivot":{"x":48.87670135498047,"y":32.84000015258789,"z":147.3990936279297},"rotation":{"x":0.2021317034959793,"y":-0.5110897421836853,"z":0.12508182227611543,"w":0.8260052800178528},"size":0.00007340294541791081,"orthographic":true}