{"cameraMode":{"drawMode":0,"name":"Shaded","section":"Shading Mode"},"sceneLighting":false,"audioPlay":false,"sceneViewState":{"showFog":true,"showMaterialUpdate":false,"showSkybox":true,"showFlares":true,"showImageEffects":true,"showParticleSystems":true},"in2DMode":false,"pivot":{"x":0.0,"y":1.6716392040252686,"z":-0.000002145764483429957},"rotation":{"x":0.17037798464298249,"y":-0.6772915720939636,"z":0.1657526046037674,"w":0.6962568759918213},"size":8.01011848449707,"orthographic":true}