{"cameraMode":{"drawMode":0,"name":"Shaded","section":"Shading Mode"},"sceneLighting":false,"audioPlay":false,"sceneViewState":{"showFog":true,"showMaterialUpdate":false,"showSkybox":true,"showFlares":true,"showImageEffects":true,"showParticleSystems":true},"in2DMode":false,"pivot":{"x":-0.005705356597900391,"y":-0.15076494216918946,"z":-0.08639740943908692},"rotation":{"x":-0.4514573812484741,"y":0.3109244108200073,"z":-0.17149204015731812,"w":-0.8185980916023254},"size":17.959918975830079,"orthographic":true}