{"cameraMode":{"drawMode":0,"name":"Shaded","section":"Shading Mode"},"sceneLighting":false,"audioPlay":false,"sceneViewState":{"showFog":true,"showMaterialUpdate":false,"showSkybox":true,"showFlares":true,"showImageEffects":true,"showParticleSystems":true},"in2DMode":false,"pivot":{"x":-36.42189025878906,"y":21.84777069091797,"z":-4.723970413208008},"rotation":{"x":0.14256791770458222,"y":-0.7644177675247192,"z":0.18100714683532716,"w":0.6021431088447571},"size":73.46095275878906,"orthographic":true}