{"cameraMode":{"drawMode":0,"name":"Shaded","section":"Shading Mode"},"sceneLighting":false,"audioPlay":false,"sceneViewState":{"showFog":true,"showMaterialUpdate":false,"showSkybox":true,"showFlares":true,"showImageEffects":true,"showParticleSystems":true},"in2DMode":false,"pivot":{"x":0.000007152557373046875,"y":4.501806735992432,"z":3.3918261528015138},"rotation":{"x":-0.09630087018013,"y":-0.861584484577179,"z":0.1782357394695282,"w":-0.4654357135295868},"size":12.163538932800293,"orthographic":true}