{"cameraMode":{"drawMode":0,"name":"Shaded","section":"Shading Mode"},"sceneLighting":false,"audioPlay":false,"sceneViewState":{"showFog":true,"showMaterialUpdate":false,"showSkybox":true,"showFlares":true,"showImageEffects":true,"showParticleSystems":true},"in2DMode":false,"pivot":{"x":0.0,"y":4.618993282318115,"z":3.3538074493408205},"rotation":{"x":-0.10330855846405029,"y":-0.4159696400165558,"z":0.04761427268385887,"w":-0.9022358059883118},"size":27.505516052246095,"orthographic":true}