{"cameraMode":{"drawMode":0,"name":"Shaded","section":"Shading Mode"},"sceneLighting":true,"audioPlay":false,"sceneViewState":{"showFog":true,"showMaterialUpdate":false,"showSkybox":true,"showFlares":true,"showImageEffects":true,"showParticleSystems":true},"in2DMode":false,"pivot":{"x":26.861690521240236,"y":16.00869369506836,"z":25.974979400634767},"rotation":{"x":-0.0946306362748146,"y":0.36714473366737368,"z":-0.037588659673929217,"w":-0.9245739579200745},"size":136.94497680664063,"orthographic":true}