{"cameraMode":{"drawMode":0,"name":"Shaded","section":"Shading Mode"},"sceneLighting":false,"audioPlay":false,"sceneViewState":{"showFog":true,"showMaterialUpdate":false,"showSkybox":true,"showFlares":true,"showImageEffects":true,"showParticleSystems":true},"in2DMode":false,"pivot":{"x":-12.06336498260498,"y":4.132599830627441,"z":17.99758529663086},"rotation":{"x":0.14256791770458222,"y":-0.7644177675247192,"z":0.18100714683532716,"w":0.6021431088447571},"size":77.3084945678711,"orthographic":true}