{"cameraMode":{"drawMode":0,"name":"Shaded","section":"Shading Mode"},"sceneLighting":false,"audioPlay":false,"sceneViewState":{"showFog":true,"showMaterialUpdate":false,"showSkybox":true,"showFlares":true,"showImageEffects":true,"showParticleSystems":true},"in2DMode":false,"pivot":{"x":0.0,"y":0.923798680305481,"z":0.6707615852355957},"rotation":{"x":-0.17757917940616609,"y":-0.2987768054008484,"z":0.05667278543114662,"w":-0.9359413981437683},"size":5.501103401184082,"orthographic":true}