{"cameraMode":{"drawMode":0,"name":"Shaded","section":"Shading Mode"},"sceneLighting":true,"audioPlay":false,"sceneViewState":{"showFog":true,"showMaterialUpdate":false,"showSkybox":true,"showFlares":true,"showImageEffects":true,"showParticleSystems":true},"in2DMode":false,"pivot":{"x":54.07194519042969,"y":32.58199691772461,"z":52.409996032714847},"rotation":{"x":-0.40139883756637576,"y":-0.36390578746795657,"z":0.1777970790863037,"w":-0.8214862942695618},"size":40.010372161865237,"orthographic":true}