{"cameraMode":{"drawMode":0,"name":"Shaded","section":"Shading Mode"},"sceneLighting":false,"audioPlay":false,"sceneViewState":{"showFog":true,"showMaterialUpdate":false,"showSkybox":true,"showFlares":true,"showImageEffects":true,"showParticleSystems":true},"in2DMode":false,"pivot":{"x":62.290687561035159,"y":30.970434188842775,"z":54.797874450683597},"rotation":{"x":-0.1238163560628891,"y":-0.07583285868167877,"z":0.009476609528064728,"w":-0.9893578886985779},"size":3.585214614868164,"orthographic":true}