{"cameraMode":{"drawMode":0,"name":"Shaded","section":"Shading Mode"},"sceneLighting":true,"audioPlay":false,"sceneViewState":{"showFog":true,"showMaterialUpdate":false,"showSkybox":true,"showFlares":true,"showImageEffects":true,"showParticleSystems":true},"in2DMode":false,"pivot":{"x":53.44803237915039,"y":31.983949661254884,"z":52.594627380371097},"rotation":{"x":-0.09583378583192826,"y":-0.6958227753639221,"z":0.09450089931488037,"w":-0.7054900527000427},"size":6.946744441986084,"orthographic":true}