{"cameraMode":{"drawMode":0,"name":"Shaded","section":"Shading Mode"},"sceneLighting":false,"audioPlay":false,"sceneViewState":{"showFog":true,"showMaterialUpdate":false,"showSkybox":true,"showFlares":true,"showImageEffects":true,"showParticleSystems":true},"in2DMode":false,"pivot":{"x":0.000007152557373046875,"y":4.501806735992432,"z":3.3918261528015138},"rotation":{"x":-0.07339053601026535,"y":-0.03439909219741821,"z":0.0025188042782247068,"w":-0.9967066645622253},"size":27.798240661621095,"orthographic":true}