{"cameraMode":{"drawMode":0,"name":"Shaded","section":"Shading Mode"},"sceneLighting":false,"audioPlay":false,"sceneViewState":{"showFog":true,"showMaterialUpdate":false,"showSkybox":true,"showFlares":true,"showImageEffects":true,"showParticleSystems":true},"in2DMode":false,"pivot":{"x":0.5900700092315674,"y":1.9745999574661255,"z":-1.9178999662399293},"rotation":{"x":0.18310748040676118,"y":-0.7232455015182495,"z":0.209546759724617,"w":0.6320425868034363},"size":22.0,"orthographic":true}