{"cameraMode":{"drawMode":0,"name":"Shaded","section":"Shading Mode"},"sceneLighting":true,"audioPlay":false,"sceneViewState":{"showFog":true,"showMaterialUpdate":false,"showSkybox":true,"showFlares":true,"showImageEffects":true,"showParticleSystems":true},"in2DMode":false,"pivot":{"x":112.62457275390625,"y":14.544000625610352,"z":167.30166625976563},"rotation":{"x":0.21386899054050446,"y":0.1299677938222885,"z":-0.028722170740365983,"w":0.9677518010139465},"size":16.879901885986329,"orthographic":true}