{"cameraMode":{"drawMode":0,"name":"Shaded","section":"Shading Mode"},"sceneLighting":true,"audioPlay":false,"sceneViewState":{"showFog":true,"showMaterialUpdate":false,"showSkybox":true,"showFlares":true,"showImageEffects":true,"showParticleSystems":true},"in2DMode":false,"pivot":{"x":66.12616729736328,"y":47.838836669921878,"z":143.2012176513672},"rotation":{"x":0.21480923891067506,"y":-0.560054361820221,"z":0.1531924307346344,"w":0.7853204011917114},"size":35.473182678222659,"orthographic":true}