{"cameraMode":{"drawMode":0,"name":"Shaded","section":"Shading Mode"},"sceneLighting":true,"audioPlay":false,"sceneViewState":{"showFog":true,"showMaterialUpdate":false,"showSkybox":true,"showFlares":true,"showImageEffects":true,"showParticleSystems":true},"in2DMode":false,"pivot":{"x":200.6181182861328,"y":31.098094940185548,"z":175.5841827392578},"rotation":{"x":-0.12203261256217957,"y":-0.5707050561904907,"z":0.08625464141368866,"w":-0.8074429035186768},"size":125.41549682617188,"orthographic":true}