{"cameraMode":{"drawMode":0,"name":"Shaded","section":"Shading Mode"},"sceneLighting":true,"audioPlay":false,"sceneViewState":{"showFog":true,"showMaterialUpdate":false,"showSkybox":true,"showFlares":true,"showImageEffects":true,"showParticleSystems":true},"in2DMode":false,"pivot":{"x":50.74259567260742,"y":33.152774810791019,"z":152.60000610351563},"rotation":{"x":0.17453692853450776,"y":-0.02658207155764103,"z":0.004713541828095913,"w":0.9842804670333862},"size":147.3768310546875,"orthographic":true}