{"cameraMode":{"drawMode":0,"name":"Shaded","section":"Shading Mode"},"sceneLighting":true,"audioPlay":false,"sceneViewState":{"showFog":true,"showMaterialUpdate":false,"showSkybox":true,"showFlares":true,"showImageEffects":true,"showParticleSystems":true},"in2DMode":false,"pivot":{"x":50.668121337890628,"y":31.242313385009767,"z":152.5013885498047},"rotation":{"x":0.03279385343194008,"y":-0.4118843376636505,"z":0.014833361841738224,"w":0.9105250835418701},"size":8.374826431274414,"orthographic":true}