{"cameraMode":{"drawMode":0,"name":"Shaded","section":"Shading Mode"},"sceneLighting":true,"audioPlay":false,"sceneViewState":{"showFog":true,"showMaterialUpdate":false,"showSkybox":true,"showFlares":true,"showImageEffects":true,"showParticleSystems":true},"in2DMode":false,"pivot":{"x":41.880348205566409,"y":30.515256881713868,"z":150.52845764160157},"rotation":{"x":0.11221396923065186,"y":-0.5729395151138306,"z":0.07957051694393158,"w":0.8079708218574524},"size":6.459514141082764,"orthographic":true}