{"cameraMode":{"drawMode":0,"name":"Shaded","section":"Shading Mode"},"sceneLighting":true,"audioPlay":false,"sceneViewState":{"showFog":true,"showMaterialUpdate":false,"showSkybox":true,"showFlares":true,"showImageEffects":true,"showParticleSystems":true},"in2DMode":false,"pivot":{"x":50.650001525878909,"y":31.541095733642579,"z":146.88417053222657},"rotation":{"x":-0.25369346141815188,"y":-0.004926113877445459,"z":0.001291765132918954,"w":-0.9672712683677673},"size":15.49374771118164,"orthographic":true}