{"cameraMode":{"drawMode":0,"name":"Shaded","section":"Shading Mode"},"sceneLighting":true,"audioPlay":false,"sceneViewState":{"showFog":true,"showMaterialUpdate":false,"showSkybox":true,"showFlares":true,"showImageEffects":true,"showParticleSystems":true},"in2DMode":false,"pivot":{"x":50.650001525878909,"y":31.541095733642579,"z":146.88417053222657},"rotation":{"x":-0.24110464751720429,"y":0.5716745257377625,"z":-0.1806054264307022,"w":-0.7631765604019165},"size":10.761886596679688,"orthographic":true}