{"cameraMode":{"drawMode":0,"name":"Shaded","section":"Shading Mode"},"sceneLighting":true,"audioPlay":false,"sceneViewState":{"showFog":true,"showMaterialUpdate":false,"showSkybox":true,"showFlares":true,"showImageEffects":true,"showParticleSystems":true},"in2DMode":false,"pivot":{"x":138.12890625,"y":50.978633880615237,"z":156.9765625},"rotation":{"x":0.3253156542778015,"y":-0.2130526751279831,"z":0.07548467814922333,"w":0.918194055557251},"size":130.26475524902345,"orthographic":true}