{"cameraMode":{"drawMode":0,"name":"Shaded","section":"Shading Mode"},"sceneLighting":false,"audioPlay":false,"sceneViewState":{"showFog":true,"showMaterialUpdate":false,"showSkybox":true,"showFlares":true,"showImageEffects":true,"showParticleSystems":true},"in2DMode":false,"pivot":{"x":216.27000427246095,"y":2.640000104904175,"z":276.20880126953127},"rotation":{"x":0.16986937820911408,"y":-0.14137327671051026,"z":0.024631673470139505,"w":0.9749621748924255},"size":2.8578836917877199,"orthographic":true}