{"cameraMode":{"drawMode":0,"name":"Shaded","section":"Shading Mode"},"sceneLighting":true,"audioPlay":false,"sceneViewState":{"showFog":true,"showMaterialUpdate":false,"showSkybox":true,"showFlares":true,"showImageEffects":true,"showParticleSystems":true},"in2DMode":false,"pivot":{"x":230.98085021972657,"y":0.08695650100708008,"z":276.20880126953127},"rotation":{"x":-0.2663584351539612,"y":0.21657466888427735,"z":-0.06153801828622818,"w":-0.9372094869613648},"size":83.82440948486328,"orthographic":true}