{"cameraMode":{"drawMode":0,"name":"Shaded","section":"Shading Mode"},"sceneLighting":true,"audioPlay":false,"sceneViewState":{"showFog":true,"showMaterialUpdate":false,"showSkybox":true,"showFlares":true,"showImageEffects":true,"showParticleSystems":true},"in2DMode":false,"pivot":{"x":254.14414978027345,"y":22.506793975830079,"z":268.21307373046877},"rotation":{"x":-0.3055509030818939,"y":-0.48901310563087466,"z":0.1879393607378006,"w":-0.7950997352600098},"size":157.60964965820313,"orthographic":true}