{"cameraMode":{"drawMode":0,"name":"Shaded","section":"Shading Mode"},"sceneLighting":false,"audioPlay":false,"sceneViewState":{"showFog":true,"showMaterialUpdate":false,"showSkybox":true,"showFlares":true,"showImageEffects":true,"showParticleSystems":true},"in2DMode":false,"pivot":{"x":237.36312866210938,"y":-1.4368200302124024,"z":270.0526428222656},"rotation":{"x":0.059632979333400729,"y":-0.6824027299880981,"z":0.0560050830245018,"w":0.7263841032981873},"size":9.719260215759278,"orthographic":true}