{"cameraMode":{"drawMode":0,"name":"Shaded","section":"Shading Mode"},"sceneLighting":false,"audioPlay":false,"sceneViewState":{"showFog":true,"showMaterialUpdate":false,"showSkybox":true,"showFlares":true,"showImageEffects":true,"showParticleSystems":true},"in2DMode":false,"pivot":{"x":-0.800857424736023,"y":3.7173919677734377,"z":0.7078084945678711},"rotation":{"x":0.0336533784866333,"y":-0.7033326029777527,"z":0.03335483744740486,"w":0.7092800736427307},"size":21.997623443603517,"orthographic":true}