{"cameraMode":{"drawMode":0,"name":"Shaded","section":"Shading Mode"},"sceneLighting":true,"audioPlay":false,"sceneViewState":{"showFog":true,"showMaterialUpdate":false,"showSkybox":true,"showFlares":true,"showImageEffects":true,"showParticleSystems":true},"in2DMode":false,"pivot":{"x":96.03231811523438,"y":-0.3069375157356262,"z":122.3581314086914},"rotation":{"x":0.13545149564743043,"y":0.02080392651259899,"z":-0.002843738766387105,"w":0.9905614852905273},"size":43.079158782958987,"orthographic":true}