{"cameraMode":{"drawMode":0,"name":"Shaded","section":"Shading Mode"},"sceneLighting":true,"audioPlay":false,"sceneViewState":{"showFog":true,"showMaterialUpdate":false,"showSkybox":true,"showFlares":true,"showImageEffects":true,"showParticleSystems":true},"in2DMode":false,"pivot":{"x":42.340667724609378,"y":-153.29412841796876,"z":628.1815185546875},"rotation":{"x":-0.24523279070854188,"y":0.06885747611522675,"z":-0.017451632767915727,"w":-0.9668583273887634},"size":423.2397155761719,"orthographic":true}