{"cameraMode":{"drawMode":0,"name":"Shaded","section":"Shading Mode"},"sceneLighting":true,"audioPlay":false,"sceneViewState":{"showFog":true,"showMaterialUpdate":false,"showSkybox":true,"showFlares":true,"showImageEffects":true,"showParticleSystems":true},"in2DMode":false,"pivot":{"x":205.90084838867188,"y":0.08695650100708008,"z":276.20880126953127},"rotation":{"x":0.3070142865180969,"y":-0.3534974753856659,"z":0.12405167520046234,"w":0.8748674392700195},"size":18.410341262817384,"orthographic":true}