{"cameraMode":{"drawMode":0,"name":"Shaded","section":"Shading Mode"},"sceneLighting":true,"audioPlay":false,"sceneViewState":{"showFog":true,"showMaterialUpdate":false,"showSkybox":true,"showFlares":true,"showImageEffects":true,"showParticleSystems":true},"in2DMode":false,"pivot":{"x":252.22515869140626,"y":0.0012237514602020383,"z":278.2313232421875},"rotation":{"x":-0.3174215853214264,"y":0.33061614632606509,"z":-0.11913784593343735,"w":-0.8807625770568848},"size":54.411109924316409,"orthographic":true}