{"cameraMode":{"drawMode":0,"name":"Shaded","section":"Shading Mode"},"sceneLighting":false,"audioPlay":false,"sceneViewState":{"showFog":true,"showMaterialUpdate":false,"showSkybox":true,"showFlares":true,"showImageEffects":true,"showParticleSystems":true},"in2DMode":false,"pivot":{"x":230.98085021972657,"y":0.08695650100708008,"z":276.20880126953127},"rotation":{"x":-0.2592642605304718,"y":0.4893755316734314,"z":-0.15507866442203523,"w":-0.8180735111236572},"size":18.410316467285158,"orthographic":true}