{"cameraMode":{"drawMode":0,"name":"Shaded","section":"Shading Mode"},"sceneLighting":false,"audioPlay":false,"sceneViewState":{"showFog":true,"showMaterialUpdate":false,"showSkybox":true,"showFlares":true,"showImageEffects":true,"showParticleSystems":true},"in2DMode":false,"pivot":{"x":230.98085021972657,"y":-9.867237091064454,"z":275.6871337890625},"rotation":{"x":0.0336533784866333,"y":-0.7033326029777527,"z":0.03335483744740486,"w":0.7092800736427307},"size":31.491199493408204,"orthographic":true}